descriptor_id,reference_key,implementation_version,exact_expression,scientific_definition,base_terms,coefficients,coefficient_interpretation,normalization,mixture_or_contrast_rule,invalid_or_missing_behavior,unit_or_range
aem__alkaline_vulnerability,aem__alkaline_vulnerability,aem-reference-v1.0.0,"weighted_scalar_merge(alkaline_vulnerability_proxy; normalized composition weights r1, r2); if one repeat-unit value is missing, use the finite value","Fixed weighted summary of the repeat-unit SN2-risk, Hofmann-elimination-risk, carbonyl-density, and guanidinium-like terms.",alkaline_vulnerability_proxy,none,Implementation constants are reported for reproducibility and are not physically calibrated unless explicitly stated.,composition weights are normalized to r1 + r2 = 1; local count and density normalizations are explicit in the expression and reference implementation,normalized composition-weighted scalar merge,invalid repeat-unit input returns missing local values; weighted merge uses the finite repeat-unit value when only one is available; a two-unit contrast is NaN when either required value is missing,dimensionless graph-derived value; distance terms are topological bond counts; binary indicators are 0 or 1
aem__aromaticity,aem__aromaticity,aem-reference-v1.0.0,"weighted_scalar_merge(aromatic_fraction; normalized composition weights r1, r2); if one repeat-unit value is missing, use the finite value",Fraction of repeat-unit atoms assigned as aromatic by RDKit.,aromatic_fraction,none,Implementation constants are reported for reproducibility and are not physically calibrated unless explicitly stated.,composition weights are normalized to r1 + r2 = 1; local count and density normalizations are explicit in the expression and reference implementation,normalized composition-weighted scalar merge,invalid repeat-unit input returns missing local values; weighted merge uses the finite repeat-unit value when only one is available; a two-unit contrast is NaN when either required value is missing,dimensionless graph-derived value; distance terms are topological bond counts; binary indicators are 0 or 1
aem__aryl_ether_motif_density,aem__aryl_ether_motif_density,aem-reference-v1.0.0,"weighted_scalar_merge(aryl_ether_count / heavy_atoms; normalized composition weights r1, r2); if one repeat-unit value is missing, use the finite value",Number of aryl-ether motifs divided by repeat-unit heavy-atom count.,"aryl_ether_count, heavy_atoms",none,Implementation constants are reported for reproducibility and are not physically calibrated unless explicitly stated.,composition weights are normalized to r1 + r2 = 1; local count and density normalizations are explicit in the expression and reference implementation,normalized composition-weighted scalar merge,invalid repeat-unit input returns missing local values; weighted merge uses the finite repeat-unit value when only one is available; a two-unit contrast is NaN when either required value is missing,dimensionless graph-derived value; distance terms are topological bond counts; binary indicators are 0 or 1
aem__backbone_rigidity,aem__backbone_rigidity,aem-reference-v1.0.0,"weighted_scalar_merge(rigidity_proxy; normalized composition weights r1, r2); if one repeat-unit value is missing, use the finite value","Sum of aromatic-ring, total-ring, ketone, and sulfone counts plus one, divided by the repeat-unit rotatable-bond count plus one.",rigidity_proxy,none,Implementation constants are reported for reproducibility and are not physically calibrated unless explicitly stated.,composition weights are normalized to r1 + r2 = 1; local count and density normalizations are explicit in the expression and reference implementation,normalized composition-weighted scalar merge,invalid repeat-unit input returns missing local values; weighted merge uses the finite repeat-unit value when only one is available; a two-unit contrast is NaN when either required value is missing,dimensionless graph-derived value; distance terms are topological bond counts; binary indicators are 0 or 1
aem__benzylic_link_density,aem__benzylic_link_density,aem-reference-v1.0.0,"weighted_scalar_merge(benzylic_proxy / n_site_safe; normalized composition weights r1, r2); if one repeat-unit value is missing, use the finite value",Benzylic-link motif count divided by the effective ionogenic-site count.,"benzylic_proxy, n_site_safe",none,Implementation constants are reported for reproducibility and are not physically calibrated unless explicitly stated.,composition weights are normalized to r1 + r2 = 1; local count and density normalizations are explicit in the expression and reference implementation,normalized composition-weighted scalar merge,invalid repeat-unit input returns missing local values; weighted merge uses the finite repeat-unit value when only one is available; a two-unit contrast is NaN when either required value is missing,dimensionless graph-derived value; distance terms are topological bond counts; binary indicators are 0 or 1
aem__beta_h_accessibility,aem__beta_h_accessibility,aem-reference-v1.0.0,"weighted_scalar_merge(float(np.mean(beta_h_scores)); normalized composition weights r1, r2); if one repeat-unit value is missing, use the finite value","Fraction of detected cation or ionogenic sites having a non-aromatic, hydrogen-bearing carbon within two graph bonds.","beta_h_scores, float, np",none,Implementation constants are reported for reproducibility and are not physically calibrated unless explicitly stated.,composition weights are normalized to r1 + r2 = 1; local count and density normalizations are explicit in the expression and reference implementation,normalized composition-weighted scalar merge,invalid repeat-unit input returns missing local values; weighted merge uses the finite repeat-unit value when only one is available; a two-unit contrast is NaN when either required value is missing,dimensionless graph-derived value; distance terms are topological bond counts; binary indicators are 0 or 1
aem__cation_accessibility,aem__cation_accessibility,aem-reference-v1.0.0,"weighted_scalar_merge(cation_accessibility_proxy; normalized composition weights r1, r2); if one repeat-unit value is missing, use the finite value","Fixed heuristic combination of pendant-site fraction, cation-to-anchor distance, local flexibility, oxygen-rich spacer environment, and neutral-site fraction, penalized by steric, cyclic-cation, and backbone-bound terms.",cation_accessibility_proxy,none,Implementation constants are reported for reproducibility and are not physically calibrated unless explicitly stated.,composition weights are normalized to r1 + r2 = 1; local count and density normalizations are explicit in the expression and reference implementation,normalized composition-weighted scalar merge,invalid repeat-unit input returns missing local values; weighted merge uses the finite repeat-unit value when only one is available; a two-unit contrast is NaN when either required value is missing,dimensionless graph-derived value; distance terms are topological bond counts; binary indicators are 0 or 1
aem__cation_count,aem__cation_count,aem-reference-v1.0.0,"weighted_scalar_merge(n_cation; normalized composition weights r1, r2); if one repeat-unit value is missing, use the finite value",Number of detected fixed-cation centers in the repeat unit.,n_cation,none,Implementation constants are reported for reproducibility and are not physically calibrated unless explicitly stated.,composition weights are normalized to r1 + r2 = 1; local count and density normalizations are explicit in the expression and reference implementation,normalized composition-weighted scalar merge,invalid repeat-unit input returns missing local values; weighted merge uses the finite repeat-unit value when only one is available; a two-unit contrast is NaN when either required value is missing,dimensionless graph-derived value; distance terms are topological bond counts; binary indicators are 0 or 1
aem__cation_family_count,aem__cation_family_count,aem-reference-v1.0.0,"weighted_scalar_merge(exact categorical topology rule implemented by _cation_family_flags; returned key aem__cation_family_count; normalized composition weights r1, r2); if one repeat-unit value is missing, use the finite value",Number of cation-family topology indicators present in the repeat unit.,topology-classification rule,0,Implementation constants are reported for reproducibility and are not physically calibrated unless explicitly stated.,composition weights are normalized to r1 + r2 = 1; local count and density normalizations are explicit in the expression and reference implementation,normalized composition-weighted scalar merge,invalid repeat-unit input returns missing local values; weighted merge uses the finite repeat-unit value when only one is available; a two-unit contrast is NaN when either required value is missing,dimensionless graph-derived value; distance terms are topological bond counts; binary indicators are 0 or 1
aem__cation_hetero_neighborhood,aem__cation_hetero_neighborhood,aem-reference-v1.0.0,"weighted_scalar_merge(spacer_oeg / max(heavy_atoms, 1.0); normalized composition weights r1, r2); if one repeat-unit value is missing, use the finite value","Mean count of oxygen atoms within three graph bonds of detected ionogenic sites, divided by repeat-unit heavy-atom count.","heavy_atoms, max, spacer_oeg",1.0,Implementation constants are reported for reproducibility and are not physically calibrated unless explicitly stated.,composition weights are normalized to r1 + r2 = 1; local count and density normalizations are explicit in the expression and reference implementation,normalized composition-weighted scalar merge,invalid repeat-unit input returns missing local values; weighted merge uses the finite repeat-unit value when only one is available; a two-unit contrast is NaN when either required value is missing,dimensionless graph-derived value; distance terms are topological bond counts; binary indicators are 0 or 1
aem__cation_is_backbone_bound_fraction,aem__cation_is_backbone_bound_fraction,aem-reference-v1.0.0,"weighted_scalar_merge(float(np.mean(backbone_flags)); normalized composition weights r1, r2); if one repeat-unit value is missing, use the finite value",Fraction of detected ionogenic sites within one graph bond of an attachment or aromatic anchor.,"backbone_flags, float, np",none,Implementation constants are reported for reproducibility and are not physically calibrated unless explicitly stated.,composition weights are normalized to r1 + r2 = 1; local count and density normalizations are explicit in the expression and reference implementation,normalized composition-weighted scalar merge,invalid repeat-unit input returns missing local values; weighted merge uses the finite repeat-unit value when only one is available; a two-unit contrast is NaN when either required value is missing,dimensionless graph-derived value; distance terms are topological bond counts; binary indicators are 0 or 1
aem__cation_is_pendant_fraction,aem__cation_is_pendant_fraction,aem-reference-v1.0.0,"weighted_scalar_merge(float(np.mean(pendant_flags)); normalized composition weights r1, r2); if one repeat-unit value is missing, use the finite value",Fraction of detected ionogenic sites at least two graph bonds from the selected attachment or aromatic anchor.,"float, np, pendant_flags",none,Implementation constants are reported for reproducibility and are not physically calibrated unless explicitly stated.,composition weights are normalized to r1 + r2 = 1; local count and density normalizations are explicit in the expression and reference implementation,normalized composition-weighted scalar merge,invalid repeat-unit input returns missing local values; weighted merge uses the finite repeat-unit value when only one is available; a two-unit contrast is NaN when either required value is missing,dimensionless graph-derived value; distance terms are topological bond counts; binary indicators are 0 or 1
aem__cation_localization_penalty,aem__cation_localization_penalty,aem-reference-v1.0.0,"weighted_scalar_merge(cation_localization_penalty; normalized composition weights r1, r2); if one repeat-unit value is missing, use the finite value","Fixed sum of backbone-bound fraction, one-half of cyclic-cation fraction, and one-quarter of the steric-hindrance summary.",cation_localization_penalty,none,Implementation constants are reported for reproducibility and are not physically calibrated unless explicitly stated.,composition weights are normalized to r1 + r2 = 1; local count and density normalizations are explicit in the expression and reference implementation,normalized composition-weighted scalar merge,invalid repeat-unit input returns missing local values; weighted merge uses the finite repeat-unit value when only one is available; a two-unit contrast is NaN when either required value is missing,dimensionless graph-derived value; distance terms are topological bond counts; binary indicators are 0 or 1
aem__cation_to_anchor_distance_mean,aem__cation_to_anchor_distance_mean,aem-reference-v1.0.0,"weighted_scalar_merge(float(np.mean(anchor_dists)); normalized composition weights r1, r2); if one repeat-unit value is missing, use the finite value",Mean shortest graph-topological distance from each detected ionogenic site to a repeat-unit attachment atom; aromatic atoms are used as fallback anchors.,"anchor_dists, float, np",none,Implementation constants are reported for reproducibility and are not physically calibrated unless explicitly stated.,composition weights are normalized to r1 + r2 = 1; local count and density normalizations are explicit in the expression and reference implementation,normalized composition-weighted scalar merge,invalid repeat-unit input returns missing local values; weighted merge uses the finite repeat-unit value when only one is available; a two-unit contrast is NaN when either required value is missing,dimensionless graph-derived value; distance terms are topological bond counts; binary indicators are 0 or 1
aem__cation_to_anchor_distance_min,aem__cation_to_anchor_distance_min,aem-reference-v1.0.0,"weighted_scalar_merge(float(np.min(anchor_dists)); normalized composition weights r1, r2); if one repeat-unit value is missing, use the finite value",Minimum shortest graph-topological distance from a detected ionogenic site to a repeat-unit attachment atom; aromatic atoms are used as fallback anchors.,"anchor_dists, float, np",none,Implementation constants are reported for reproducibility and are not physically calibrated unless explicitly stated.,composition weights are normalized to r1 + r2 = 1; local count and density normalizations are explicit in the expression and reference implementation,normalized composition-weighted scalar merge,invalid repeat-unit input returns missing local values; weighted merge uses the finite repeat-unit value when only one is available; a two-unit contrast is NaN when either required value is missing,dimensionless graph-derived value; distance terms are topological bond counts; binary indicators are 0 or 1
aem__cation_to_aromatic_distance_mean,aem__cation_to_aromatic_distance_mean,aem-reference-v1.0.0,"weighted_scalar_merge(float(np.mean(aromatic_dists)); normalized composition weights r1, r2); if one repeat-unit value is missing, use the finite value",Mean shortest graph-topological distance from each detected ionogenic site to the nearest aromatic atom.,"aromatic_dists, float, np",none,Implementation constants are reported for reproducibility and are not physically calibrated unless explicitly stated.,composition weights are normalized to r1 + r2 = 1; local count and density normalizations are explicit in the expression and reference implementation,normalized composition-weighted scalar merge,invalid repeat-unit input returns missing local values; weighted merge uses the finite repeat-unit value when only one is available; a two-unit contrast is NaN when either required value is missing,dimensionless graph-derived value; distance terms are topological bond counts; binary indicators are 0 or 1
aem__cation_to_cation_distance_mean,aem__cation_to_cation_distance_mean,aem-reference-v1.0.0,"weighted_scalar_merge(float(np.mean(cation_distances)) if cation_distances else 0.0; normalized composition weights r1, r2); if one repeat-unit value is missing, use the finite value",Mean pairwise shortest graph-topological distance among detected ionogenic sites; zero when fewer than two sites are present.,"cation_distances, float, np",0.0,Implementation constants are reported for reproducibility and are not physically calibrated unless explicitly stated.,composition weights are normalized to r1 + r2 = 1; local count and density normalizations are explicit in the expression and reference implementation,normalized composition-weighted scalar merge,invalid repeat-unit input returns missing local values; weighted merge uses the finite repeat-unit value when only one is available; a two-unit contrast is NaN when either required value is missing,dimensionless graph-derived value; distance terms are topological bond counts; binary indicators are 0 or 1
aem__channel_index,aem__channel_index,aem-reference-v1.0.0,"weighted_scalar_merge(channel_index; normalized composition weights r1, r2); if one repeat-unit value is missing, use the finite value","Fixed weighted structural combination of free-volume-related, water-network, cation-accessibility, hydration-overlap, and hydration/transport-window summaries, adjusted by flexibility and cation-localization terms.",channel_index,none,Implementation constants are reported for reproducibility and are not physically calibrated unless explicitly stated.,composition weights are normalized to r1 + r2 = 1; local count and density normalizations are explicit in the expression and reference implementation,normalized composition-weighted scalar merge,invalid repeat-unit input returns missing local values; weighted merge uses the finite repeat-unit value when only one is available; a two-unit contrast is NaN when either required value is missing,dimensionless graph-derived value; distance terms are topological bond counts; binary indicators are 0 or 1
aem__cyclic_cation_fraction,aem__cyclic_cation_fraction,aem-reference-v1.0.0,"weighted_scalar_merge(ring_cation_fraction; normalized composition weights r1, r2); if one repeat-unit value is missing, use the finite value",Fraction of detected ionogenic sites located in a ring.,ring_cation_fraction,none,Implementation constants are reported for reproducibility and are not physically calibrated unless explicitly stated.,composition weights are normalized to r1 + r2 = 1; local count and density normalizations are explicit in the expression and reference implementation,normalized composition-weighted scalar merge,invalid repeat-unit input returns missing local values; weighted merge uses the finite repeat-unit value when only one is available; a two-unit contrast is NaN when either required value is missing,dimensionless graph-derived value; distance terms are topological bond counts; binary indicators are 0 or 1
aem__effective_ion_site_density,aem__effective_ion_site_density,aem-reference-v1.0.0,"weighted_scalar_merge(cation_density; normalized composition weights r1, r2); if one repeat-unit value is missing, use the finite value",Effective detected cation or ionogenic-site count divided by repeat-unit heavy-atom count.,cation_density,none,Implementation constants are reported for reproducibility and are not physically calibrated unless explicitly stated.,composition weights are normalized to r1 + r2 = 1; local count and density normalizations are explicit in the expression and reference implementation,normalized composition-weighted scalar merge,invalid repeat-unit input returns missing local values; weighted merge uses the finite repeat-unit value when only one is available; a two-unit contrast is NaN when either required value is missing,dimensionless graph-derived value; distance terms are topological bond counts; binary indicators are 0 or 1
aem__ether_free_backbone,aem__ether_free_backbone,aem-reference-v1.0.0,"weighted_scalar_merge(float(aryl_ether_count == 0 and ether_count == 0); normalized composition weights r1, r2); if one repeat-unit value is missing, use the finite value",Binary indicator equal to one when neither ether nor aryl-ether motifs are detected.,"aryl_ether_count, ether_count, float",0,Implementation constants are reported for reproducibility and are not physically calibrated unless explicitly stated.,composition weights are normalized to r1 + r2 = 1; local count and density normalizations are explicit in the expression and reference implementation,normalized composition-weighted scalar merge,invalid repeat-unit input returns missing local values; weighted merge uses the finite repeat-unit value when only one is available; a two-unit contrast is NaN when either required value is missing,dimensionless graph-derived value; distance terms are topological bond counts; binary indicators are 0 or 1
aem__ether_motif_density,aem__ether_motif_density,aem-reference-v1.0.0,"weighted_scalar_merge(ether_count / heavy_atoms; normalized composition weights r1, r2); if one repeat-unit value is missing, use the finite value",Number of ether motifs divided by repeat-unit heavy-atom count.,"ether_count, heavy_atoms",none,Implementation constants are reported for reproducibility and are not physically calibrated unless explicitly stated.,composition weights are normalized to r1 + r2 = 1; local count and density normalizations are explicit in the expression and reference implementation,normalized composition-weighted scalar merge,invalid repeat-unit input returns missing local values; weighted merge uses the finite repeat-unit value when only one is available; a two-unit contrast is NaN when either required value is missing,dimensionless graph-derived value; distance terms are topological bond counts; binary indicators are 0 or 1
aem__fluorination,aem__fluorination,aem-reference-v1.0.0,"weighted_scalar_merge(fluorine_fraction; normalized composition weights r1, r2); if one repeat-unit value is missing, use the finite value",Fraction of repeat-unit atoms that are fluorine.,fluorine_fraction,none,Implementation constants are reported for reproducibility and are not physically calibrated unless explicitly stated.,composition weights are normalized to r1 + r2 = 1; local count and density normalizations are explicit in the expression and reference implementation,normalized composition-weighted scalar merge,invalid repeat-unit input returns missing local values; weighted merge uses the finite repeat-unit value when only one is available; a two-unit contrast is NaN when either required value is missing,dimensionless graph-derived value; distance terms are topological bond counts; binary indicators are 0 or 1
aem__free_volume,aem__free_volume,aem-reference-v1.0.0,"weighted_scalar_merge(free_volume_proxy; normalized composition weights r1, r2); if one repeat-unit value is missing, use the finite value","Sum of spiro atoms, bridgehead atoms, fluorine atoms, and one-half of the sp3-heavy-atom contribution, divided by repeat-unit heavy-atom count plus one.",free_volume_proxy,none,Implementation constants are reported for reproducibility and are not physically calibrated unless explicitly stated.,composition weights are normalized to r1 + r2 = 1; local count and density normalizations are explicit in the expression and reference implementation,normalized composition-weighted scalar merge,invalid repeat-unit input returns missing local values; weighted merge uses the finite repeat-unit value when only one is available; a two-unit contrast is NaN when either required value is missing,dimensionless graph-derived value; distance terms are topological bond counts; binary indicators are 0 or 1
aem__hydration_transport_window,aem__hydration_transport_window,aem-reference-v1.0.0,"weighted_scalar_merge(grotthuss_window_proxy; normalized composition weights r1, r2); if one repeat-unit value is missing, use the finite value","Fixed structural hydration/transport-window summary combining hydration-overlap, hydrophilic-density, and flexibility terms with steric and hydrophobic penalties.",grotthuss_window_proxy,none,Implementation constants are reported for reproducibility and are not physically calibrated unless explicitly stated.,composition weights are normalized to r1 + r2 = 1; local count and density normalizations are explicit in the expression and reference implementation,normalized composition-weighted scalar merge,invalid repeat-unit input returns missing local values; weighted merge uses the finite repeat-unit value when only one is available; a two-unit contrast is NaN when either required value is missing,dimensionless graph-derived value; distance terms are topological bond counts; binary indicators are 0 or 1
aem__has_guanidinium_like,aem__has_guanidinium_like,aem-reference-v1.0.0,"weighted_scalar_merge(exact categorical topology rule implemented by _cation_family_flags; returned key aem__has_guanidinium_like; normalized composition weights r1, r2); if one repeat-unit value is missing, use the finite value",Binary topology indicator for a guanidinium-like motif.,topology-classification rule,0,Implementation constants are reported for reproducibility and are not physically calibrated unless explicitly stated.,composition weights are normalized to r1 + r2 = 1; local count and density normalizations are explicit in the expression and reference implementation,normalized composition-weighted scalar merge,invalid repeat-unit input returns missing local values; weighted merge uses the finite repeat-unit value when only one is available; a two-unit contrast is NaN when either required value is missing,dimensionless graph-derived value; distance terms are topological bond counts; binary indicators are 0 or 1
aem__has_imidazolium_like,aem__has_imidazolium_like,aem-reference-v1.0.0,"weighted_scalar_merge(exact categorical topology rule implemented by _cation_family_flags; returned key aem__has_imidazolium_like; normalized composition weights r1, r2); if one repeat-unit value is missing, use the finite value",Binary topology indicator for an imidazolium-like cation.,topology-classification rule,0,Implementation constants are reported for reproducibility and are not physically calibrated unless explicitly stated.,composition weights are normalized to r1 + r2 = 1; local count and density normalizations are explicit in the expression and reference implementation,normalized composition-weighted scalar merge,invalid repeat-unit input returns missing local values; weighted merge uses the finite repeat-unit value when only one is available; a two-unit contrast is NaN when either required value is missing,dimensionless graph-derived value; distance terms are topological bond counts; binary indicators are 0 or 1
aem__has_phosphonium_like,aem__has_phosphonium_like,aem-reference-v1.0.0,"weighted_scalar_merge(exact categorical topology rule implemented by _cation_family_flags; returned key aem__has_phosphonium_like; normalized composition weights r1, r2); if one repeat-unit value is missing, use the finite value",Binary topology indicator for a phosphonium-like cation.,topology-classification rule,0,Implementation constants are reported for reproducibility and are not physically calibrated unless explicitly stated.,composition weights are normalized to r1 + r2 = 1; local count and density normalizations are explicit in the expression and reference implementation,normalized composition-weighted scalar merge,invalid repeat-unit input returns missing local values; weighted merge uses the finite repeat-unit value when only one is available; a two-unit contrast is NaN when either required value is missing,dimensionless graph-derived value; distance terms are topological bond counts; binary indicators are 0 or 1
aem__has_piperidinium_like,aem__has_piperidinium_like,aem-reference-v1.0.0,"weighted_scalar_merge(exact categorical topology rule implemented by _cation_family_flags; returned key aem__has_piperidinium_like; normalized composition weights r1, r2); if one repeat-unit value is missing, use the finite value",Binary topology indicator for a piperidinium-like cation.,topology-classification rule,0,Implementation constants are reported for reproducibility and are not physically calibrated unless explicitly stated.,composition weights are normalized to r1 + r2 = 1; local count and density normalizations are explicit in the expression and reference implementation,normalized composition-weighted scalar merge,invalid repeat-unit input returns missing local values; weighted merge uses the finite repeat-unit value when only one is available; a two-unit contrast is NaN when either required value is missing,dimensionless graph-derived value; distance terms are topological bond counts; binary indicators are 0 or 1
aem__has_pyridinium_like,aem__has_pyridinium_like,aem-reference-v1.0.0,"weighted_scalar_merge(exact categorical topology rule implemented by _cation_family_flags; returned key aem__has_pyridinium_like; normalized composition weights r1, r2); if one repeat-unit value is missing, use the finite value",Binary topology indicator for a pyridinium-like cation.,topology-classification rule,0,Implementation constants are reported for reproducibility and are not physically calibrated unless explicitly stated.,composition weights are normalized to r1 + r2 = 1; local count and density normalizations are explicit in the expression and reference implementation,normalized composition-weighted scalar merge,invalid repeat-unit input returns missing local values; weighted merge uses the finite repeat-unit value when only one is available; a two-unit contrast is NaN when either required value is missing,dimensionless graph-derived value; distance terms are topological bond counts; binary indicators are 0 or 1
aem__has_pyrrolidinium_like,aem__has_pyrrolidinium_like,aem-reference-v1.0.0,"weighted_scalar_merge(exact categorical topology rule implemented by _cation_family_flags; returned key aem__has_pyrrolidinium_like; normalized composition weights r1, r2); if one repeat-unit value is missing, use the finite value",Binary topology indicator for a pyrrolidinium-like cation.,topology-classification rule,0,Implementation constants are reported for reproducibility and are not physically calibrated unless explicitly stated.,composition weights are normalized to r1 + r2 = 1; local count and density normalizations are explicit in the expression and reference implementation,normalized composition-weighted scalar merge,invalid repeat-unit input returns missing local values; weighted merge uses the finite repeat-unit value when only one is available; a two-unit contrast is NaN when either required value is missing,dimensionless graph-derived value; distance terms are topological bond counts; binary indicators are 0 or 1
aem__has_quaternary_ammonium_like,aem__has_quaternary_ammonium_like,aem-reference-v1.0.0,"weighted_scalar_merge(exact categorical topology rule implemented by _cation_family_flags; returned key aem__has_quaternary_ammonium_like; normalized composition weights r1, r2); if one repeat-unit value is missing, use the finite value",Binary topology indicator for a quaternary-ammonium-like cation not assigned to a more specific detected ring class.,topology-classification rule,0,Implementation constants are reported for reproducibility and are not physically calibrated unless explicitly stated.,composition weights are normalized to r1 + r2 = 1; local count and density normalizations are explicit in the expression and reference implementation,normalized composition-weighted scalar merge,invalid repeat-unit input returns missing local values; weighted merge uses the finite repeat-unit value when only one is available; a two-unit contrast is NaN when either required value is missing,dimensionless graph-derived value; distance terms are topological bond counts; binary indicators are 0 or 1
aem__hofmann_e2_risk,aem__hofmann_e2_risk,aem-reference-v1.0.0,"weighted_scalar_merge(hofmann_e2_risk_proxy; normalized composition weights r1, r2); if one repeat-unit value is missing, use the finite value","Fixed heuristic combination of beta-hydrogen accessibility, cyclic-cation fraction, and pendant-site fraction.",hofmann_e2_risk_proxy,none,Implementation constants are reported for reproducibility and are not physically calibrated unless explicitly stated.,composition weights are normalized to r1 + r2 = 1; local count and density normalizations are explicit in the expression and reference implementation,normalized composition-weighted scalar merge,invalid repeat-unit input returns missing local values; weighted merge uses the finite repeat-unit value when only one is available; a two-unit contrast is NaN when either required value is missing,dimensionless graph-derived value; distance terms are topological bond counts; binary indicators are 0 or 1
aem__hydration_shell_overlap,aem__hydration_shell_overlap,aem-reference-v1.0.0,"weighted_scalar_merge(hydration_shell_overlap_proxy; normalized composition weights r1, r2); if one repeat-unit value is missing, use the finite value","Fixed structural combination of the water-network, pendant-site, anchor-distance, and oxygen-rich spacer summaries, penalized by hydrophobicity and cation localization.",hydration_shell_overlap_proxy,none,Implementation constants are reported for reproducibility and are not physically calibrated unless explicitly stated.,composition weights are normalized to r1 + r2 = 1; local count and density normalizations are explicit in the expression and reference implementation,normalized composition-weighted scalar merge,invalid repeat-unit input returns missing local values; weighted merge uses the finite repeat-unit value when only one is available; a two-unit contrast is NaN when either required value is missing,dimensionless graph-derived value; distance terms are topological bond counts; binary indicators are 0 or 1
aem__hydrophilic_density,aem__hydrophilic_density,aem-reference-v1.0.0,"weighted_scalar_merge(hydrophilic_density; normalized composition weights r1, r2); if one repeat-unit value is missing, use the finite value","Heteroatom count plus fixed contributions from detected ionogenic sites, hydroxyl motifs, and nearby oxygen atoms, divided by repeat-unit heavy-atom count.",hydrophilic_density,none,Implementation constants are reported for reproducibility and are not physically calibrated unless explicitly stated.,composition weights are normalized to r1 + r2 = 1; local count and density normalizations are explicit in the expression and reference implementation,normalized composition-weighted scalar merge,invalid repeat-unit input returns missing local values; weighted merge uses the finite repeat-unit value when only one is available; a two-unit contrast is NaN when either required value is missing,dimensionless graph-derived value; distance terms are topological bond counts; binary indicators are 0 or 1
aem__hydrophobicity,aem__hydrophobicity,aem-reference-v1.0.0,"weighted_scalar_merge(hydrophobicity_proxy; normalized composition weights r1, r2); if one repeat-unit value is missing, use the finite value","Mean of non-negative RDKit logP, aromatic-atom fraction, fluorine fraction, and one minus the sp3-carbon fraction.",hydrophobicity_proxy,none,Implementation constants are reported for reproducibility and are not physically calibrated unless explicitly stated.,composition weights are normalized to r1 + r2 = 1; local count and density normalizations are explicit in the expression and reference implementation,normalized composition-weighted scalar merge,invalid repeat-unit input returns missing local values; weighted merge uses the finite repeat-unit value when only one is available; a two-unit contrast is NaN when either required value is missing,dimensionless graph-derived value; distance terms are topological bond counts; binary indicators are 0 or 1
aem__ionogenic_site_count,aem__ionogenic_site_count,aem-reference-v1.0.0,"weighted_scalar_merge(n_ionogenic; normalized composition weights r1, r2); if one repeat-unit value is missing, use the finite value",Number of detected cationic or neutral precursor ionogenic sites in the repeat unit.,n_ionogenic,none,Implementation constants are reported for reproducibility and are not physically calibrated unless explicitly stated.,composition weights are normalized to r1 + r2 = 1; local count and density normalizations are explicit in the expression and reference implementation,normalized composition-weighted scalar merge,invalid repeat-unit input returns missing local values; weighted merge uses the finite repeat-unit value when only one is available; a two-unit contrast is NaN when either required value is missing,dimensionless graph-derived value; distance terms are topological bond counts; binary indicators are 0 or 1
aem__ketone_motif_density,aem__ketone_motif_density,aem-reference-v1.0.0,"weighted_scalar_merge(ketone_count / heavy_atoms; normalized composition weights r1, r2); if one repeat-unit value is missing, use the finite value",Number of ketone motifs divided by repeat-unit heavy-atom count.,"heavy_atoms, ketone_count",none,Implementation constants are reported for reproducibility and are not physically calibrated unless explicitly stated.,composition weights are normalized to r1 + r2 = 1; local count and density normalizations are explicit in the expression and reference implementation,normalized composition-weighted scalar merge,invalid repeat-unit input returns missing local values; weighted merge uses the finite repeat-unit value when only one is available; a two-unit contrast is NaN when either required value is missing,dimensionless graph-derived value; distance terms are topological bond counts; binary indicators are 0 or 1
aem__local_charge_density,aem__local_charge_density,aem-reference-v1.0.0,"weighted_scalar_merge(cation_density; normalized composition weights r1, r2); if one repeat-unit value is missing, use the finite value",Effective detected cation or ionogenic-site count divided by repeat-unit heavy-atom count.,cation_density,none,Implementation constants are reported for reproducibility and are not physically calibrated unless explicitly stated.,composition weights are normalized to r1 + r2 = 1; local count and density normalizations are explicit in the expression and reference implementation,normalized composition-weighted scalar merge,invalid repeat-unit input returns missing local values; weighted merge uses the finite repeat-unit value when only one is available; a two-unit contrast is NaN when either required value is missing,dimensionless graph-derived value; distance terms are topological bond counts; binary indicators are 0 or 1
aem__multication_repeat,aem__multication_repeat,aem-reference-v1.0.0,"weighted_scalar_merge(float(effective_site_count >= 2); normalized composition weights r1, r2); if one repeat-unit value is missing, use the finite value",Binary indicator equal to one when the effective ionogenic-site count is at least two.,"effective_site_count, float",2,Implementation constants are reported for reproducibility and are not physically calibrated unless explicitly stated.,composition weights are normalized to r1 + r2 = 1; local count and density normalizations are explicit in the expression and reference implementation,normalized composition-weighted scalar merge,invalid repeat-unit input returns missing local values; weighted merge uses the finite repeat-unit value when only one is available; a two-unit contrast is NaN when either required value is missing,dimensionless graph-derived value; distance terms are topological bond counts; binary indicators are 0 or 1
aem__neutral_ionogenic_fraction,aem__neutral_ionogenic_fraction,aem-reference-v1.0.0,"weighted_scalar_merge(neutral_ionogenic_fraction; normalized composition weights r1, r2); if one repeat-unit value is missing, use the finite value",Fraction of detected ionogenic sites represented as neutral precursor sites rather than explicit fixed cations.,neutral_ionogenic_fraction,none,Implementation constants are reported for reproducibility and are not physically calibrated unless explicitly stated.,composition weights are normalized to r1 + r2 = 1; local count and density normalizations are explicit in the expression and reference implementation,normalized composition-weighted scalar merge,invalid repeat-unit input returns missing local values; weighted merge uses the finite repeat-unit value when only one is available; a two-unit contrast is NaN when either required value is missing,dimensionless graph-derived value; distance terms are topological bond counts; binary indicators are 0 or 1
aem__ring_cation_fraction,aem__ring_cation_fraction,aem-reference-v1.0.0,"weighted_scalar_merge(float(np.mean(ring_flags)); normalized composition weights r1, r2); if one repeat-unit value is missing, use the finite value",Fraction of detected ionogenic sites located in a ring.,"float, np, ring_flags",none,Implementation constants are reported for reproducibility and are not physically calibrated unless explicitly stated.,composition weights are normalized to r1 + r2 = 1; local count and density normalizations are explicit in the expression and reference implementation,normalized composition-weighted scalar merge,invalid repeat-unit input returns missing local values; weighted merge uses the finite repeat-unit value when only one is available; a two-unit contrast is NaN when either required value is missing,dimensionless graph-derived value; distance terms are topological bond counts; binary indicators are 0 or 1
aem__sidechain_flexibility,aem__sidechain_flexibility,aem-reference-v1.0.0,"weighted_scalar_merge(flexibility_proxy; normalized composition weights r1, r2); if one repeat-unit value is missing, use the finite value","Sum of repeat-unit rotatable bonds and the mean oxygen-rich cation-neighborhood count, divided by repeat-unit heavy-atom count.",flexibility_proxy,none,Implementation constants are reported for reproducibility and are not physically calibrated unless explicitly stated.,composition weights are normalized to r1 + r2 = 1; local count and density normalizations are explicit in the expression and reference implementation,normalized composition-weighted scalar merge,invalid repeat-unit input returns missing local values; weighted merge uses the finite repeat-unit value when only one is available; a two-unit contrast is NaN when either required value is missing,dimensionless graph-derived value; distance terms are topological bond counts; binary indicators are 0 or 1
aem__sn2_risk,aem__sn2_risk,aem-reference-v1.0.0,"weighted_scalar_merge(sn2_risk_proxy; normalized composition weights r1, r2); if one repeat-unit value is missing, use the finite value","Fixed heuristic sum of benzylic-link density, aryl-ether density, and a short cation-to-anchor-distance contribution.",sn2_risk_proxy,none,Implementation constants are reported for reproducibility and are not physically calibrated unless explicitly stated.,composition weights are normalized to r1 + r2 = 1; local count and density normalizations are explicit in the expression and reference implementation,normalized composition-weighted scalar merge,invalid repeat-unit input returns missing local values; weighted merge uses the finite repeat-unit value when only one is available; a two-unit contrast is NaN when either required value is missing,dimensionless graph-derived value; distance terms are topological bond counts; binary indicators are 0 or 1
aem__spacer_branching_index,aem__spacer_branching_index,aem-reference-v1.0.0,"weighted_scalar_merge(float(np.mean(branching_scores)); normalized composition weights r1, r2); if one repeat-unit value is missing, use the finite value",Mean count of branching carbon atoms encountered within three graph bonds of each detected ionogenic site.,"branching_scores, float, np",none,Implementation constants are reported for reproducibility and are not physically calibrated unless explicitly stated.,composition weights are normalized to r1 + r2 = 1; local count and density normalizations are explicit in the expression and reference implementation,normalized composition-weighted scalar merge,invalid repeat-unit input returns missing local values; weighted merge uses the finite repeat-unit value when only one is available; a two-unit contrast is NaN when either required value is missing,dimensionless graph-derived value; distance terms are topological bond counts; binary indicators are 0 or 1
aem__spacer_length,aem__spacer_length,aem-reference-v1.0.0,"weighted_scalar_merge(spacer_len; normalized composition weights r1, r2); if one repeat-unit value is missing, use the finite value",Mean shortest graph-topological cation-to-anchor distance in the repeat unit.,spacer_len,none,Implementation constants are reported for reproducibility and are not physically calibrated unless explicitly stated.,composition weights are normalized to r1 + r2 = 1; local count and density normalizations are explicit in the expression and reference implementation,normalized composition-weighted scalar merge,invalid repeat-unit input returns missing local values; weighted merge uses the finite repeat-unit value when only one is available; a two-unit contrast is NaN when either required value is missing,dimensionless graph-derived value; distance terms are topological bond counts; binary indicators are 0 or 1
aem__spacer_oeg_unit_count,aem__spacer_oeg_unit_count,aem-reference-v1.0.0,"weighted_scalar_merge(float(np.mean(oeg_counts)); normalized composition weights r1, r2); if one repeat-unit value is missing, use the finite value",Mean count of oxygen atoms encountered within three graph bonds of each detected ionogenic site.,"float, np, oeg_counts",none,Implementation constants are reported for reproducibility and are not physically calibrated unless explicitly stated.,composition weights are normalized to r1 + r2 = 1; local count and density normalizations are explicit in the expression and reference implementation,normalized composition-weighted scalar merge,invalid repeat-unit input returns missing local values; weighted merge uses the finite repeat-unit value when only one is available; a two-unit contrast is NaN when either required value is missing,dimensionless graph-derived value; distance terms are topological bond counts; binary indicators are 0 or 1
aem__steric_hindrance,aem__steric_hindrance,aem-reference-v1.0.0,"weighted_scalar_merge(steric_hindrance_proxy; normalized composition weights r1, r2); if one repeat-unit value is missing, use the finite value",Cyclic-cation fraction plus the spacer-branching summary normalized by heavy-atom count.,steric_hindrance_proxy,none,Implementation constants are reported for reproducibility and are not physically calibrated unless explicitly stated.,composition weights are normalized to r1 + r2 = 1; local count and density normalizations are explicit in the expression and reference implementation,normalized composition-weighted scalar merge,invalid repeat-unit input returns missing local values; weighted merge uses the finite repeat-unit value when only one is available; a two-unit contrast is NaN when either required value is missing,dimensionless graph-derived value; distance terms are topological bond counts; binary indicators are 0 or 1
aem__sulfone_motif_density,aem__sulfone_motif_density,aem-reference-v1.0.0,"weighted_scalar_merge(sulfone_count / heavy_atoms; normalized composition weights r1, r2); if one repeat-unit value is missing, use the finite value",Number of sulfone motifs divided by repeat-unit heavy-atom count.,"heavy_atoms, sulfone_count",none,Implementation constants are reported for reproducibility and are not physically calibrated unless explicitly stated.,composition weights are normalized to r1 + r2 = 1; local count and density normalizations are explicit in the expression and reference implementation,normalized composition-weighted scalar merge,invalid repeat-unit input returns missing local values; weighted merge uses the finite repeat-unit value when only one is available; a two-unit contrast is NaN when either required value is missing,dimensionless graph-derived value; distance terms are topological bond counts; binary indicators are 0 or 1
aem__transport_stability_balance,aem__transport_stability_balance,aem-reference-v1.0.0,"weighted_scalar_merge(transport_stability_balance; normalized composition weights r1, r2); if one repeat-unit value is missing, use the finite value",Fixed combination of channel-index and hydration/transport-window summaries divided by one plus the alkaline-vulnerability summary.,transport_stability_balance,none,Implementation constants are reported for reproducibility and are not physically calibrated unless explicitly stated.,composition weights are normalized to r1 + r2 = 1; local count and density normalizations are explicit in the expression and reference implementation,normalized composition-weighted scalar merge,invalid repeat-unit input returns missing local values; weighted merge uses the finite repeat-unit value when only one is available; a two-unit contrast is NaN when either required value is missing,dimensionless graph-derived value; distance terms are topological bond counts; binary indicators are 0 or 1
aem__water_network,aem__water_network,aem-reference-v1.0.0,"weighted_scalar_merge(water_network_proxy; normalized composition weights r1, r2); if one repeat-unit value is missing, use the finite value","Fixed structural combination of hydrophilic density, oxygen-rich spacer environment, pendant-site fraction, and neutral-site fraction, penalized by hydrophobicity and backbone-bound fraction.",water_network_proxy,none,Implementation constants are reported for reproducibility and are not physically calibrated unless explicitly stated.,composition weights are normalized to r1 + r2 = 1; local count and density normalizations are explicit in the expression and reference implementation,normalized composition-weighted scalar merge,invalid repeat-unit input returns missing local values; weighted merge uses the finite repeat-unit value when only one is available; a two-unit contrast is NaN when either required value is missing,dimensionless graph-derived value; distance terms are topological bond counts; binary indicators are 0 or 1
aem__accessibility_contrast,aem__accessibility_contrast,aem-reference-v1.0.0,abs(unit1[aem__cation_accessibility] - unit2[aem__cation_accessibility]) when both values are finite; otherwise NaN,The absolute difference between the two repeat-unit cation-accessibility structural summaries; undefined when either required local value is unavailable.,topology-classification rule,0,Implementation constants are reported for reproducibility and are not physically calibrated unless explicitly stated.,composition weights are normalized to r1 + r2 = 1; local count and density normalizations are explicit in the expression and reference implementation,"explicit contrast, harmonic, balance, or architecture rule shown",invalid repeat-unit input returns missing local values; weighted merge uses the finite repeat-unit value when only one is available; a two-unit contrast is NaN when either required value is missing,dimensionless graph-derived value; distance terms are topological bond counts; binary indicators are 0 or 1
aem__alkaline_risk_contrast,aem__alkaline_risk_contrast,aem-reference-v1.0.0,abs(unit1[aem__alkaline_vulnerability] - unit2[aem__alkaline_vulnerability]) when both values are finite; otherwise NaN,The absolute difference between the two repeat-unit alkaline-vulnerability structural summaries; undefined when either required local value is unavailable.,topology-classification rule,0,Implementation constants are reported for reproducibility and are not physically calibrated unless explicitly stated.,composition weights are normalized to r1 + r2 = 1; local count and density normalizations are explicit in the expression and reference implementation,"explicit contrast, harmonic, balance, or architecture rule shown",invalid repeat-unit input returns missing local values; weighted merge uses the finite repeat-unit value when only one is available; a two-unit contrast is NaN when either required value is missing,dimensionless graph-derived value; distance terms are topological bond counts; binary indicators are 0 or 1
aem__architecture_weighted_channel_index,aem__architecture_weighted_channel_index,aem-reference-v1.0.0,arch_weight * out['aem__channel_formation_index'],Channel-formation index multiplied by 1.15 for a two-repeat-unit copolymer and by 1.0 otherwise.,"arch_weight, out",none,Implementation constants are reported for reproducibility and are not physically calibrated unless explicitly stated.,composition weights are normalized to r1 + r2 = 1; local count and density normalizations are explicit in the expression and reference implementation,"explicit contrast, harmonic, balance, or architecture rule shown",invalid repeat-unit input returns missing local values; weighted merge uses the finite repeat-unit value when only one is available; a two-unit contrast is NaN when either required value is missing,dimensionless graph-derived value; distance terms are topological bond counts; binary indicators are 0 or 1
aem__architecture_weighted_segregation,aem__architecture_weighted_segregation,aem-reference-v1.0.0,arch_weight * out['aem__segregation_index'],Segregation index multiplied by 1.15 for a two-repeat-unit copolymer and by 1.0 otherwise.,"arch_weight, out",none,Implementation constants are reported for reproducibility and are not physically calibrated unless explicitly stated.,composition weights are normalized to r1 + r2 = 1; local count and density normalizations are explicit in the expression and reference implementation,"explicit contrast, harmonic, balance, or architecture rule shown",invalid repeat-unit input returns missing local values; weighted merge uses the finite repeat-unit value when only one is available; a two-unit contrast is NaN when either required value is missing,dimensionless graph-derived value; distance terms are topological bond counts; binary indicators are 0 or 1
aem__asymmetric_copolymer_flag,aem__asymmetric_copolymer_flag,aem-reference-v1.0.0,float(is_copolymer > 0 and abs(r1 - r2) >= 0.3),Binary indicator for a two-repeat-unit copolymer whose normalized composition fractions differ by at least 0.30.,"abs, float, is_copolymer, r1, r2","0, 0.3",Implementation constants are reported for reproducibility and are not physically calibrated unless explicitly stated.,composition weights are normalized to r1 + r2 = 1; local count and density normalizations are explicit in the expression and reference implementation,"explicit contrast, harmonic, balance, or architecture rule shown",invalid repeat-unit input returns missing local values; weighted merge uses the finite repeat-unit value when only one is available; a two-unit contrast is NaN when either required value is missing,dimensionless graph-derived value; distance terms are topological bond counts; binary indicators are 0 or 1
aem__cation_localization_contrast,aem__cation_localization_contrast,aem-reference-v1.0.0,abs(unit1[aem__local_charge_density] - unit2[aem__local_charge_density]) when both values are finite; otherwise NaN,The absolute difference between the two repeat-unit local-charge-density structural summaries; undefined when either required local value is unavailable.,topology-classification rule,0,Implementation constants are reported for reproducibility and are not physically calibrated unless explicitly stated.,composition weights are normalized to r1 + r2 = 1; local count and density normalizations are explicit in the expression and reference implementation,"explicit contrast, harmonic, balance, or architecture rule shown",invalid repeat-unit input returns missing local values; weighted merge uses the finite repeat-unit value when only one is available; a two-unit contrast is NaN when either required value is missing,dimensionless graph-derived value; distance terms are topological bond counts; binary indicators are 0 or 1
aem__channel_bottleneck_penalty,aem__channel_bottleneck_penalty,aem-reference-v1.0.0,"max(0.0, weighted_channel - (0.0 if pd.isna(channel_h) else float(channel_h)))",Positive difference between the composition-weighted arithmetic channel summary and the composition-weighted harmonic channel summary.,"channel_h, float, max, pd, weighted_channel",0.0,Implementation constants are reported for reproducibility and are not physically calibrated unless explicitly stated.,composition weights are normalized to r1 + r2 = 1; local count and density normalizations are explicit in the expression and reference implementation,"explicit contrast, harmonic, balance, or architecture rule shown",invalid repeat-unit input returns missing local values; weighted merge uses the finite repeat-unit value when only one is available; a two-unit contrast is NaN when either required value is missing,dimensionless graph-derived value; distance terms are topological bond counts; binary indicators are 0 or 1
aem__channel_formation_index,aem__channel_formation_index,aem-reference-v1.0.0,composition_balance * float(np.nanmean(channel_terms)),"Composition-balance factor multiplied by the mean of harmonic channel, harmonic water-network, harmonic hydration-overlap, free-volume-contrast, and accessibility-contrast terms.","channel_terms, composition_balance, float, np",none,Implementation constants are reported for reproducibility and are not physically calibrated unless explicitly stated.,composition weights are normalized to r1 + r2 = 1; local count and density normalizations are explicit in the expression and reference implementation,"explicit contrast, harmonic, balance, or architecture rule shown",invalid repeat-unit input returns missing local values; weighted merge uses the finite repeat-unit value when only one is available; a two-unit contrast is NaN when either required value is missing,dimensionless graph-derived value; distance terms are topological bond counts; binary indicators are 0 or 1
aem__channel_index_contrast,aem__channel_index_contrast,aem-reference-v1.0.0,abs(unit1[aem__channel_index] - unit2[aem__channel_index]) when both values are finite; otherwise NaN,The absolute difference between the two repeat-unit channel-index structural summaries; undefined when either required local value is unavailable.,topology-classification rule,0,Implementation constants are reported for reproducibility and are not physically calibrated unless explicitly stated.,composition weights are normalized to r1 + r2 = 1; local count and density normalizations are explicit in the expression and reference implementation,"explicit contrast, harmonic, balance, or architecture rule shown",invalid repeat-unit input returns missing local values; weighted merge uses the finite repeat-unit value when only one is available; a two-unit contrast is NaN when either required value is missing,dimensionless graph-derived value; distance terms are topological bond counts; binary indicators are 0 or 1
aem__channel_index_harmonic,aem__channel_index_harmonic,aem-reference-v1.0.0,"weighted_harmonic(unit1[aem__channel_index], unit2[aem__channel_index], r1, r2)",Composition-weighted harmonic combination of the two repeat-unit channel-index summaries.,"mech__channel_index, r1, r2, unit1, unit2, weighted_harmonic",none,Implementation constants are reported for reproducibility and are not physically calibrated unless explicitly stated.,composition weights are normalized to r1 + r2 = 1; local count and density normalizations are explicit in the expression and reference implementation,"explicit contrast, harmonic, balance, or architecture rule shown",invalid repeat-unit input returns missing local values; weighted merge uses the finite repeat-unit value when only one is available; a two-unit contrast is NaN when either required value is missing,dimensionless graph-derived value; distance terms are topological bond counts; binary indicators are 0 or 1
aem__fluorination_contrast,aem__fluorination_contrast,aem-reference-v1.0.0,abs(unit1[aem__fluorination] - unit2[aem__fluorination]) when both values are finite; otherwise NaN,The absolute difference between the two repeat-unit fluorination structural summaries; undefined when either required local value is unavailable.,topology-classification rule,0,Implementation constants are reported for reproducibility and are not physically calibrated unless explicitly stated.,composition weights are normalized to r1 + r2 = 1; local count and density normalizations are explicit in the expression and reference implementation,"explicit contrast, harmonic, balance, or architecture rule shown",invalid repeat-unit input returns missing local values; weighted merge uses the finite repeat-unit value when only one is available; a two-unit contrast is NaN when either required value is missing,dimensionless graph-derived value; distance terms are topological bond counts; binary indicators are 0 or 1
aem__free_volume_contrast,aem__free_volume_contrast,aem-reference-v1.0.0,abs(unit1[aem__free_volume] - unit2[aem__free_volume]) when both values are finite; otherwise NaN,The absolute difference between the two repeat-unit free-volume-related structural summaries; undefined when either required local value is unavailable.,topology-classification rule,0,Implementation constants are reported for reproducibility and are not physically calibrated unless explicitly stated.,composition weights are normalized to r1 + r2 = 1; local count and density normalizations are explicit in the expression and reference implementation,"explicit contrast, harmonic, balance, or architecture rule shown",invalid repeat-unit input returns missing local values; weighted merge uses the finite repeat-unit value when only one is available; a two-unit contrast is NaN when either required value is missing,dimensionless graph-derived value; distance terms are topological bond counts; binary indicators are 0 or 1
aem__hydration_transport_window_contrast,aem__hydration_transport_window_contrast,aem-reference-v1.0.0,abs(unit1[aem__hydration_transport_window] - unit2[aem__hydration_transport_window]) when both values are finite; otherwise NaN,H = O(1 + 0.30D_hyd + 0.20F) / (1 + 0.35S + 0.25L); descriptor = |H1 - H2|,topology-classification rule,0,Fixed heuristic implementation choices; not physically calibrated constants.,composition weights are normalized to r1 + r2 = 1; local count and density normalizations are explicit in the expression and reference implementation,"explicit contrast, harmonic, balance, or architecture rule shown",invalid repeat-unit input returns missing local values; weighted merge uses the finite repeat-unit value when only one is available; a two-unit contrast is NaN when either required value is missing,dimensionless graph-derived value; distance terms are topological bond counts; binary indicators are 0 or 1
aem__hydration_overlap_contrast,aem__hydration_overlap_contrast,aem-reference-v1.0.0,abs(unit1[aem__hydration_shell_overlap] - unit2[aem__hydration_shell_overlap]) when both values are finite; otherwise NaN,The absolute difference between the two repeat-unit hydration-shell-overlap structural summaries; undefined when either required local value is unavailable.,topology-classification rule,0,Implementation constants are reported for reproducibility and are not physically calibrated unless explicitly stated.,composition weights are normalized to r1 + r2 = 1; local count and density normalizations are explicit in the expression and reference implementation,"explicit contrast, harmonic, balance, or architecture rule shown",invalid repeat-unit input returns missing local values; weighted merge uses the finite repeat-unit value when only one is available; a two-unit contrast is NaN when either required value is missing,dimensionless graph-derived value; distance terms are topological bond counts; binary indicators are 0 or 1
aem__hydration_overlap_harmonic,aem__hydration_overlap_harmonic,aem-reference-v1.0.0,"weighted_harmonic(unit1[aem__hydration_shell_overlap], unit2[aem__hydration_shell_overlap], r1, r2)",Composition-weighted harmonic combination of the two repeat-unit hydration-shell-overlap summaries.,"mech__hydration_shell_overlap_proxy, r1, r2, unit1, unit2, weighted_harmonic",none,Implementation constants are reported for reproducibility and are not physically calibrated unless explicitly stated.,composition weights are normalized to r1 + r2 = 1; local count and density normalizations are explicit in the expression and reference implementation,"explicit contrast, harmonic, balance, or architecture rule shown",invalid repeat-unit input returns missing local values; weighted merge uses the finite repeat-unit value when only one is available; a two-unit contrast is NaN when either required value is missing,dimensionless graph-derived value; distance terms are topological bond counts; binary indicators are 0 or 1
aem__hydration_overlap_index,aem__hydration_overlap_index,aem-reference-v1.0.0,composition_balance * float(np.nanmean(hydration_terms)),"Composition-balance factor multiplied by the mean of harmonic water-network, harmonic hydration-overlap, and hydration/transport-window-contrast terms.","composition_balance, float, hydration_terms, np",none,Implementation constants are reported for reproducibility and are not physically calibrated unless explicitly stated.,composition weights are normalized to r1 + r2 = 1; local count and density normalizations are explicit in the expression and reference implementation,"explicit contrast, harmonic, balance, or architecture rule shown",invalid repeat-unit input returns missing local values; weighted merge uses the finite repeat-unit value when only one is available; a two-unit contrast is NaN when either required value is missing,dimensionless graph-derived value; distance terms are topological bond counts; binary indicators are 0 or 1
aem__hydrophilic_contrast,aem__hydrophilic_contrast,aem-reference-v1.0.0,abs(unit1[aem__hydrophilic_density] - unit2[aem__hydrophilic_density]) when both values are finite; otherwise NaN,The absolute difference between the two repeat-unit hydrophilic-density structural summaries; undefined when either required local value is unavailable.,topology-classification rule,0,Implementation constants are reported for reproducibility and are not physically calibrated unless explicitly stated.,composition weights are normalized to r1 + r2 = 1; local count and density normalizations are explicit in the expression and reference implementation,"explicit contrast, harmonic, balance, or architecture rule shown",invalid repeat-unit input returns missing local values; weighted merge uses the finite repeat-unit value when only one is available; a two-unit contrast is NaN when either required value is missing,dimensionless graph-derived value; distance terms are topological bond counts; binary indicators are 0 or 1
aem__hydrophobicity_contrast,aem__hydrophobicity_contrast,aem-reference-v1.0.0,abs(unit1[aem__hydrophobicity] - unit2[aem__hydrophobicity]) when both values are finite; otherwise NaN,The absolute difference between the two repeat-unit hydrophobicity structural summaries; undefined when either required local value is unavailable.,topology-classification rule,0,Implementation constants are reported for reproducibility and are not physically calibrated unless explicitly stated.,composition weights are normalized to r1 + r2 = 1; local count and density normalizations are explicit in the expression and reference implementation,"explicit contrast, harmonic, balance, or architecture rule shown",invalid repeat-unit input returns missing local values; weighted merge uses the finite repeat-unit value when only one is available; a two-unit contrast is NaN when either required value is missing,dimensionless graph-derived value; distance terms are topological bond counts; binary indicators are 0 or 1
aem__ionic_site_localization_flag,aem__ionic_site_localization_flag,aem-reference-v1.0.0,"float(out.get('aem__cation_localization_contrast', 0.0) >= 0.08 and is_copolymer > 0)",Binary indicator for a two-repeat-unit copolymer with local-charge-density contrast of at least 0.08.,"float, is_copolymer, out","0, 0.0, 0.08",Implementation constants are reported for reproducibility and are not physically calibrated unless explicitly stated.,composition weights are normalized to r1 + r2 = 1; local count and density normalizations are explicit in the expression and reference implementation,"explicit contrast, harmonic, balance, or architecture rule shown",invalid repeat-unit input returns missing local values; weighted merge uses the finite repeat-unit value when only one is available; a two-unit contrast is NaN when either required value is missing,dimensionless graph-derived value; distance terms are topological bond counts; binary indicators are 0 or 1
aem__localization_penalty_contrast,aem__localization_penalty_contrast,aem-reference-v1.0.0,abs(unit1[aem__cation_localization_penalty] - unit2[aem__cation_localization_penalty]) when both values are finite; otherwise NaN,The absolute difference between the two repeat-unit cation-localization-penalty structural summaries; undefined when either required local value is unavailable.,topology-classification rule,0,Implementation constants are reported for reproducibility and are not physically calibrated unless explicitly stated.,composition weights are normalized to r1 + r2 = 1; local count and density normalizations are explicit in the expression and reference implementation,"explicit contrast, harmonic, balance, or architecture rule shown",invalid repeat-unit input returns missing local values; weighted merge uses the finite repeat-unit value when only one is available; a two-unit contrast is NaN when either required value is missing,dimensionless graph-derived value; distance terms are topological bond counts; binary indicators are 0 or 1
aem__rigidity_contrast,aem__rigidity_contrast,aem-reference-v1.0.0,abs(unit1[aem__backbone_rigidity] - unit2[aem__backbone_rigidity]) when both values are finite; otherwise NaN,The absolute difference between the two repeat-unit backbone-rigidity structural summaries; undefined when either required local value is unavailable.,topology-classification rule,0,Implementation constants are reported for reproducibility and are not physically calibrated unless explicitly stated.,composition weights are normalized to r1 + r2 = 1; local count and density normalizations are explicit in the expression and reference implementation,"explicit contrast, harmonic, balance, or architecture rule shown",invalid repeat-unit input returns missing local values; weighted merge uses the finite repeat-unit value when only one is available; a two-unit contrast is NaN when either required value is missing,dimensionless graph-derived value; distance terms are topological bond counts; binary indicators are 0 or 1
aem__segregation_index,aem__segregation_index,aem-reference-v1.0.0,composition_balance * float(np.nanmean(contrast_terms)),"Composition-balance factor multiplied by the mean hydrophilic, hydrophobicity, rigidity, and free-volume-related contrasts.","composition_balance, contrast_terms, float, np",none,Implementation constants are reported for reproducibility and are not physically calibrated unless explicitly stated.,composition weights are normalized to r1 + r2 = 1; local count and density normalizations are explicit in the expression and reference implementation,"explicit contrast, harmonic, balance, or architecture rule shown",invalid repeat-unit input returns missing local values; weighted merge uses the finite repeat-unit value when only one is available; a two-unit contrast is NaN when either required value is missing,dimensionless graph-derived value; distance terms are topological bond counts; binary indicators are 0 or 1
aem__spacer_contrast,aem__spacer_contrast,aem-reference-v1.0.0,abs(unit1[aem__spacer_length] - unit2[aem__spacer_length]) when both values are finite; otherwise NaN,The absolute difference between the two repeat-unit cation-to-anchor-distance structural summaries; undefined when either required local value is unavailable.,topology-classification rule,0,Implementation constants are reported for reproducibility and are not physically calibrated unless explicitly stated.,composition weights are normalized to r1 + r2 = 1; local count and density normalizations are explicit in the expression and reference implementation,"explicit contrast, harmonic, balance, or architecture rule shown",invalid repeat-unit input returns missing local values; weighted merge uses the finite repeat-unit value when only one is available; a two-unit contrast is NaN when either required value is missing,dimensionless graph-derived value; distance terms are topological bond counts; binary indicators are 0 or 1
aem__transport_balance_contrast,aem__transport_balance_contrast,aem-reference-v1.0.0,abs(unit1[aem__transport_stability_balance] - unit2[aem__transport_stability_balance]) when both values are finite; otherwise NaN,The absolute difference between the two repeat-unit transport/stability-balance structural summaries; undefined when either required local value is unavailable.,topology-classification rule,0,Implementation constants are reported for reproducibility and are not physically calibrated unless explicitly stated.,composition weights are normalized to r1 + r2 = 1; local count and density normalizations are explicit in the expression and reference implementation,"explicit contrast, harmonic, balance, or architecture rule shown",invalid repeat-unit input returns missing local values; weighted merge uses the finite repeat-unit value when only one is available; a two-unit contrast is NaN when either required value is missing,dimensionless graph-derived value; distance terms are topological bond counts; binary indicators are 0 or 1
aem__transport_heterogeneity,aem__transport_heterogeneity,aem-reference-v1.0.0,float(np.nanmean(heterogeneity_terms)),"Mean of hydrophilic-density contrast, cation-accessibility contrast, channel-index contrast, cation-localization-penalty contrast, and channel-bottleneck penalty.","float, heterogeneity_terms, np",none,Implementation constants are reported for reproducibility and are not physically calibrated unless explicitly stated.,composition weights are normalized to r1 + r2 = 1; local count and density normalizations are explicit in the expression and reference implementation,"explicit contrast, harmonic, balance, or architecture rule shown",invalid repeat-unit input returns missing local values; weighted merge uses the finite repeat-unit value when only one is available; a two-unit contrast is NaN when either required value is missing,dimensionless graph-derived value; distance terms are topological bond counts; binary indicators are 0 or 1
aem__water_network_contrast,aem__water_network_contrast,aem-reference-v1.0.0,abs(unit1[aem__water_network] - unit2[aem__water_network]) when both values are finite; otherwise NaN,The absolute difference between the two repeat-unit water-network structural summaries; undefined when either required local value is unavailable.,topology-classification rule,0,Implementation constants are reported for reproducibility and are not physically calibrated unless explicitly stated.,composition weights are normalized to r1 + r2 = 1; local count and density normalizations are explicit in the expression and reference implementation,"explicit contrast, harmonic, balance, or architecture rule shown",invalid repeat-unit input returns missing local values; weighted merge uses the finite repeat-unit value when only one is available; a two-unit contrast is NaN when either required value is missing,dimensionless graph-derived value; distance terms are topological bond counts; binary indicators are 0 or 1
aem__water_network_harmonic,aem__water_network_harmonic,aem-reference-v1.0.0,"weighted_harmonic(unit1[aem__water_network], unit2[aem__water_network], r1, r2)",Composition-weighted harmonic combination of the two repeat-unit water-network summaries.,"mech__water_network_proxy, r1, r2, unit1, unit2, weighted_harmonic",none,Implementation constants are reported for reproducibility and are not physically calibrated unless explicitly stated.,composition weights are normalized to r1 + r2 = 1; local count and density normalizations are explicit in the expression and reference implementation,"explicit contrast, harmonic, balance, or architecture rule shown",invalid repeat-unit input returns missing local values; weighted merge uses the finite repeat-unit value when only one is available; a two-unit contrast is NaN when either required value is missing,dimensionless graph-derived value; distance terms are topological bond counts; binary indicators are 0 or 1
